{"cameraMode":{"drawMode":0,"name":"Shaded","section":"Shading Mode"},"sceneLighting":true,"audioPlay":false,"sceneViewState":{"showFog":true,"showMaterialUpdate":true,"showSkybox":true,"showFlares":true,"showImageEffects":true,"showParticleSystems":true},"in2DMode":false,"pivot":{"x":-0.7390122413635254,"y":0.9812183380126953,"z":80.98152160644531},"rotation":{"x":0.041987717151641849,"y":-0.004495954141020775,"z":0.0001894100132631138,"w":0.9991127252578735},"size":100.16677856445313,"orthographic":false}